{
  "car": [
    {
      "carName": "Volvo",
      "type": "GCBA",
      "marking": "5/32",
      "dateEntry": "2024-03-17T23:00:00.000Z",
      "destiny": 2,
      "operationalNumber": "421-22",
      "employee": {
        "name": "Artur",
        "surname": "Izdebski"
      },
      "id": 2,
      "link":"http://localhost:4200/assets/images/GCBA_VOLVO.jpg",
      "equipments":[
        {
          "position": "Kabina",
          "name": "Radio samochodowe Volvo",
          "count": 1,
          "comments": "sprawne"
        },
        {
          "position": "Kabina",
          "name": "Model radiowy pojazdu",
          "count": 1,
          "comments": "gotowy do użycia"
        },
        {
          "position": "Kabina",
          "name": "Model radiowy pojazdu",
          "count": 1,
          "comments": "gotowy do użycia"
        },
        {
          "position": "Kabina",
          "name": "Model radiowy pojazdu",
          "count": 1,
          "comments": "gotowy do użycia"
        },
        {
          "position": "Kabina",
          "name": "Model radiowy pojazdu",
          "count": 1,
          "comments": "gotowy do użycia"
        },
        {
          "position": "Kabina",
          "name": "Model radiowy pojazdu",
          "count": 1,
          "comments": "gotowy do użycia"
        },
        {
          "position": "Kabina",
          "name": "Model radiowy pojazdu",
          "count": 1,
          "comments": "gotowy do użycia"
        },
        {
          "position": "Kabina",
          "name": "Model radiowy pojazdu",
          "count": 1,
          "comments": "gotowy do użycia"
        },
        {
          "position": "Kabina",
          "name": "Model radiowy pojazdu",
          "count": 1,
          "comments": "gotowy do użycia"
        },
        {
          "position": "Skrytka nr 1",
          "name": "Apteczka",
          "count": 1,
          "comments": ""
        },
        {
          "position": "Skrytka nr 1",
          "name": "Reduktor do butli",
          "count": 1,
          "comments": ""
        }
      ]
    },
    {
      "carName": "Tatra",
      "type": "GCBA",
      "marking": "5/32",
      "dateEntry": "2024-03-17T23:00:00.000Z",
      "destiny": 2,
      "operationalNumber": "421-22",
      "employee": {
        "name": "John",
        "surname": "Kowalski"
      },
      "id": 3,
      "link": "http://localhost:4200/assets/images/GBA_TATRA.jpg",
      "equipments": [
        {
          "position": "Kabina",
          "name": "Radio samochodowe Volvo",
          "count": 1,
          "comments": "sprawne"
        },
        {
          "position": "Kabina",
          "name": "Model radiowy pojazdu",
          "count": 1,
          "comments": "gotowy do użycia"
        },
        {
          "position": "Kabina",
          "name": "Model radiowy pojazdu",
          "count": 1,
          "comments": "gotowy do użycia"
        },
        {
          "position": "Kabina",
          "name": "Model radiowy pojazdu",
          "count": 1,
          "comments": "gotowy do użycia"
        },
        {
          "position": "Kabina",
          "name": "Model radiowy pojazdu",
          "count": 1,
          "comments": "gotowy do użycia"
        },
        {
          "position": "Kabina",
          "name": "Model radiowy pojazdu",
          "count": 1,
          "comments": "gotowy do użycia"
        },
        {
          "position": "Kabina",
          "name": "Model radiowy pojazdu",
          "count": 1,
          "comments": "gotowy do użycia"
        },
        {
          "position": "Kabina",
          "name": "Model radiowy pojazdu",
          "count": 1,
          "comments": "gotowy do użycia"
        },
        {
          "position": "Kabina",
          "name": "Model radiowy pojazdu",
          "count": 1,
          "comments": "gotowy do użycia"
        },
        {
          "position": "Skrytka nr 1",
          "name": "Apteczka",
          "count": 1,
          "comments": ""
        },
        {
          "position": "Skrytka nr 1",
          "name": "Reduktor do butli",
          "count": 1,
          "comments": ""
        }
      ]
    },
    {
      "carName": "Man",
      "type": "GCBA",
      "marking": "5/32",
      "dateEntry": "2024-03-17T23:00:00.000Z",
      "destiny": 2,
      "operationalNumber": "421-22",
      "employee": {
        "name": "John",
        "surname": "Kowalski"
      },
      "id": 4,
      "link": "http://localhost:4200/assets/images/GBA_MAN.jpg"
    }
  ]
}